USE house_rental_database_system;
GO
--********************************************************************************************************--

-- Insert in APP_USER table
INSERT INTO APP_USER (User_ID, User_Name, User_Type, Password)
VALUES 
    (1, 'Johny Cena', 'LANDLORD', 'JohnyCena123'),
    (2, 'Janest Smith', 'LANDLORD', 'JanestSmith456'),
    (3, 'Bobby Johnson', 'LANDLORD', 'BobbyJohnson789'),
    (4, 'Karen Davis', 'LANDLORD', 'KarenDavis012'),
    (5, 'Mike Lee', 'LANDLORD', 'MikeLee345'),
    (6, 'Sarah Brown', 'LANDLORD', 'SarahBrown678'),
    (7, 'Chris Green', 'LANDLORD', 'ChrisGreen901'),
    (8, 'Lisa Kim', 'LANDLORD', 'LisaKim234'),
    (9, 'Mark Chen', 'LANDLORD', 'MarkChen567'),
    (10, 'Anna Nguyen', 'LANDLORD', 'AnnaNguyen890'),
    (11, 'Tom Wilson', 'LANDLORD', 'TomWilson123'),
    (12, 'Samuel Lee', 'LANDLORD', 'SamuelLee456'),
    (13, 'Erica Garcia', 'LANDLORD', 'EricaGarcia789'),
    (14, 'David Miller', 'LANDLORD', 'DavidMiller012'),
    (15, 'Sophia Chen', 'LANDLORD', 'SophiaChen345'),
    (16, 'Emily Davis', 'LANDLORD', 'EmilyDavis678'),
    (17, 'Michael Park', 'LANDLORD', 'MichaelPark901'),
    (18, 'Jessica Lee', 'LANDLORD', 'JessicaLee234'),
    (19, 'Jack Brown', 'LANDLORD', 'JackBrown567'),
    (20, 'Grace Kim', 'LANDLORD', 'GraceKim890'),
    (21, 'Alex Chen', 'LANDLORD', 'AlexChen123'),
    (22, 'Lily Davis', 'LANDLORD', 'LilyDavis456'),
    (23, 'Kevin Nguyen', 'LANDLORD', 'KevinNguyen789'),
    (24, 'Amy Smith', 'LANDLORD', 'AmySmith012'),
    (25, 'Jason Kim', 'LANDLORD', 'JasonKim345'),
    (26, 'Benjamin Lee', 'LANDLORD', 'BenjaminLee678'),
    (27, 'Samantha Brown', 'LANDLORD', 'SamanthaBrown901'),
    (28, 'Frank Garcia', 'LANDLORD', 'FrankGarcia234'),
    (29, 'Olivia Davis', 'LANDLORD', 'OliviaDavis567'),
    (30, 'Andrew Kim', 'LANDLORD', 'AndrewKim890'),
    (31, 'William Chen', 'MANAGEMENT_COMPANY', 'WilliamChen123'),
    (32, 'Sophie Davis', 'MANAGEMENT_COMPANY', 'SophieDavis456'),
    (33, 'Brandon Lee', 'MANAGEMENT_COMPANY', 'BrandonLee789'),
    (34, 'Kayla Smith', 'MANAGEMENT_COMPANY', 'KaylaSmith012'),
    (35, 'Jacob Kim', 'MANAGEMENT_COMPANY', 'JacobKim345'),
    (36, 'Avery Nguyen', 'MANAGEMENT_COMPANY', 'AveryNguyen678'),
    (37, 'Mia Brown', 'MANAGEMENT_COMPANY', 'MiaBrown901'),
    (38, 'Ethan Garcia', 'MANAGEMENT_COMPANY', 'EthanGarcia234'),
	(39, 'NatalieDavis', 'MANAGEMENT_COMPANY', 'Nata123'),
    (40, 'RyanKim', 'MANAGEMENT_COMPANY', 'Ryan123'),
    (41, 'NoahChen', 'BROKER_FIRM', 'Noah123'),
    (42, 'VictoriaDavis', 'BROKER_FIRM', 'Victo123'),
    (43, 'DanielLee', 'BROKER_FIRM', 'Danie123'),
    (44, 'ChloeSmith', 'BROKER_FIRM', 'Chloe123'),
    (45, 'MatthewKim', 'BROKER_FIRM', 'Matt123'),
    (46, 'MadisonNguyen', 'BROKER_FIRM', 'Madi123'),
    (47, 'ElijahBrown', 'BROKER_FIRM', 'Elij123'),
    (48, 'AvaGarcia', 'BROKER_FIRM', 'Ava123'),
    (49, 'LoganDavis', 'BROKER_FIRM', 'Logan123'),
    (50, 'IsabellaKim', 'BROKER_FIRM', 'Isab123');

GO
--********************************************************************************************************--

-- Insert for LANDLORDS table
INSERT INTO LANDLORDS (LandLord_ID, Price, City, State, Zip, LandLord_Type, User_ID)
VALUES
	(1, 1000, 'New York', 'NY', '10001', 'INDIVIDUALLY_MANAGED', 1),
	(2, 1500, 'Los Angeles', 'CA', '90001', 'MANAGEMENT_DRIVEN', 2),
	(3, 1200, 'Chicago', 'IL', '60601', 'INDIVIDUALLY_MANAGED', 3),
	(4, 900, 'Houston', 'TX', '77001', 'INDIVIDUALLY_MANAGED', 4),
	(5, 1100, 'Phoenix', 'AZ', '85001', 'MANAGEMENT_DRIVEN', 5),
	(6, 1300, 'Philadelphia', 'PA', '19101', 'MANAGEMENT_DRIVEN', 6),
	(7, 800, 'San Antonio', 'TX', '78201', 'INDIVIDUALLY_MANAGED', 7),
	(8, 1600, 'San Diego', 'CA', '92101', 'MANAGEMENT_DRIVEN', 8),
	(9, 1400, 'Dallas', 'TX', '75201', 'MANAGEMENT_DRIVEN', 9),
	(10, 1700, 'San Jose', 'CA', '95101', 'INDIVIDUALLY_MANAGED', 10),
	(11, 900, 'Austin', 'TX', '73301', 'INDIVIDUALLY_MANAGED', 11),
	(12, 1200, 'Jacksonville', 'FL', '32201', 'MANAGEMENT_DRIVEN', 12),
	(13, 1100, 'Fort Worth', 'TX', '76101', 'MANAGEMENT_DRIVEN', 13),
	(14, 1500, 'Columbus', 'OH', '43085', 'INDIVIDUALLY_MANAGED', 14),
	(15, 1000, 'San Francisco', 'CA', '94101', 'INDIVIDUALLY_MANAGED', 15),
	(16, 1300, 'Charlotte', 'NC', '28201', 'MANAGEMENT_DRIVEN', 16),
	(17, 1400, 'Indianapolis', 'IN', '46201', 'INDIVIDUALLY_MANAGED', 17),
	(18, 1200, 'Seattle', 'WA', '98101', 'MANAGEMENT_DRIVEN', 18),
	(19, 1000, 'Denver', 'CO', '80201', 'MANAGEMENT_DRIVEN', 19),
	(20, 1600, 'Washington', 'DC', '20001', 'INDIVIDUALLY_MANAGED', 20),
	(21, 1100, 'Boston', 'MA', '02101', 'MANAGEMENT_DRIVEN', 21),
	(22, 800, 'Nashville', 'TN', '37201', 'INDIVIDUALLY_MANAGED', 22),
	(23, 900, 'El Paso', 'TX', '79901', 'MANAGEMENT_DRIVEN', 23),
	(24, 1500.00, 'San Francisco', 'CA', '94110', 'MANAGEMENT_DRIVEN', 24),
	(25, 1200.00, 'Los Angeles', 'CA', '90012', 'MANAGEMENT_DRIVEN', 25),
	(26, 800.00, 'New York', 'NY', '10001', 'INDIVIDUALLY_MANAGED', 26),
	(27, 1000.00, 'Houston', 'TX', '77001', 'INDIVIDUALLY_MANAGED', 27),
	(28, 1300.00, 'Seattle', 'WA', '98101', 'MANAGEMENT_DRIVEN', 28),
	(29, 1100.00, 'Miami', 'FL', '33101', 'MANAGEMENT_DRIVEN', 29),
	(30, 850.00, 'Boston', 'MA', '02101', 'INDIVIDUALLY_MANAGED', 30);

GO
--********************************************************************************************************--

-- Insert in MANAGEMENT_COMPANY table
INSERT INTO MANAGEMENT_COMPANY (Company_ID, Price, User_ID)
VALUES
	(1, 5000.00, 31),
	(2, 7000.00, 32),
	(3, 6000.00, 33),
	(4, 8000.00, 34),
	(5, 5500.00, 35),
	(6, 6500.00, 36),
	(7, 7500.00, 37),
	(8, 9000.00, 38),
	(9, 5500.00, 39),
	(10, 8000.00, 40);

GO
--********************************************************************************************************--

-- Insert in BROKER_FIRM table
INSERT INTO BROKER_FIRM (Firm_ID, Brokerage_Rates, Company_ID, User_ID)
VALUES
	(1, 10.00, 1, 41),
	(2, 8.00, 2, 42),
	(3, 12.00, 2, 43),
	(4, 9.00, 4, 44),
	(5, 11.00, 4, 45),
	(6, 10.50, 4, 46),
	(7, 9.50, 7, 47),
	(8, 12.50, 8, 48),
	(9, 11.50, 9, 49),
	(10, 9.50, 10, 50);

GO
--********************************************************************************************************--

-- Insert rows in PROPERTY_DETAILS table
INSERT INTO PROPERTY_DETAILS (Property_ID, Property_Type, Property_Owner, City, State, Zip, LandLord_ID, Company_ID, Firm_ID)
VALUES
    (1, 'Apartment', 'John Doe', 'Los Angeles', 'California', '90001', 1, null, null),
    (2, 'Single Family Home', 'Jane Smith', 'San Francisco', 'California', '94016', 1, null, null),
    (3, 'Townhouse', 'Bob Johnson', 'Chicago', 'Illinois', '60601', 1, null, null),
    (4, 'Condo', 'Karen Davis', 'New York', 'New York', '10001', 3, null, null),
    (5, 'Duplex', 'Mike Lee', 'Dallas', 'Texas', '75201', 3, null, null),
    (6, 'Apartment', 'Sarah Brown', 'Houston', 'Texas', '77001', 2, null, null),
    (7, 'Single Family Home', 'Chris Green', 'Denver', 'Colorado', '80201', 2, null, null),
    (8, 'Townhouse', 'Lisa Kim', 'Seattle', 'Washington', '98101', 5, null, null),
    (9, 'Condo', 'Mark Chen', 'Atlanta', 'Georgia', '30301', 5, null, null),
    (10, 'Duplex', 'Anna Nguyen', 'Phoenix', 'Arizona', '85001', 4, null, null),
    (11, 'Apartment', 'Tom Wilson', 'Las Vegas', 'Nevada', '89101', 4, null, null),
    (12, 'Single Family Home', 'Samuel Lee', 'Portland', 'Oregon', '97201', 6, null, null),
    (13, 'Townhouse', 'Erica Garcia', 'Miami', 'Florida', '33101', 6, null, null),
    (14, 'Condo', 'Juan Hernandez', 'San Diego', 'California', '92101', 7, null, null),
    (15, 'Duplex', 'Maria Rodriguez', 'Austin', 'Texas', '78701', 7, null, null),
    (16, 'Apartment', 'Jason Davis', 'Boston', 'Massachusetts', '02101', 8, null, null),
    (17, 'Single Family Home', 'Emma Wilson', 'San Jose', 'California', '95101', 8,null, null),
    (18, 'Townhouse', 'Aiden Brown', 'Nashville', 'Tennessee', '37201', 9, null, null),
    (19, 'Condo', 'Ava Smith', 'Philadelphia', 'Pennsylvania', '19101', 9, null, null),
    (20, 'Duplex', 'Liam Johnson', 'Charlotte', 'North Carolina', '28201', 10, null, null),
    (21, 'Apartment', 'Olivia Kim', 'Washington D.C.', 'District of Columbia', '20001', 10, null, null),
    (22, 'Single Family Home', 'Noah Chen', 'Orlando', 'Florida', '32801', 11, null, null),
    (23, 'Townhouse', 'Isabella Nguyen', 'Seattle', 'Washington', '98101', 12, null, null),
    (24, 'Condo', 'Karen Davis', 'New York', 'New York', '10001', 13, null, null),
    (25, 'Duplex', 'Mike Lee', 'Dallas', 'Texas', '75201', 13, null, null),
    (26, 'Apartment', 'Sarah Brown', 'Houston', 'Texas', '77001', 14, null, null),
    (27, 'Single Family Home', 'Chris Green', 'Denver', 'Colorado', '80201', 14, null, null),
    (28, 'Townhouse', 'Lisa Kim', 'Seattle', 'Washington', '98101', 15, null, null),
    (29, 'Condo', 'Mark Chen', 'Atlanta', 'Georgia', '30301', 15, null, null),
    (30, 'Duplex', 'Anna Nguyen', 'Phoenix', 'Arizona', '85001', 15, null, null),
    (31, 'Apartment', 'Tom Wilson', 'Las Vegas', 'Nevada', '89101', 16, null, null),
    (32, 'Single Family Home', 'Samuel Lee', 'Portland', 'Oregon', '97201', 18, null, null),
    (33, 'Townhouse', 'Erica Garcia', 'Miami', 'Florida', '33101', 18, null, null),
    (34, 'Condo', 'Juan Hernandez', 'San Diego', 'California', '92101', 19, null, null),
    (35, 'Duplex', 'Maria Rodriguez', 'Austin', 'Texas', '78701', 17, null, null),
    (36, 'Apartment', 'Jason Davis', 'Boston', 'Massachusetts', '02101', 17, null, null),
    (37, 'Single Family Home', 'Emma Wilson', 'San Jose', 'California', '95101', 20, null, null),
    (38, 'Townhouse', 'Aiden Brown', 'Nashville', 'Tennessee', '37201', 19, null, null),
    (39, 'Condo', 'Ava Smith', 'Philadelphia', 'Pennsylvania', '19101', 20, null, null),
    (40, 'Duplex', 'Liam Johnson', 'Charlotte', 'North Carolina', '28201', 21, null, null),
    (41, 'Apartment', 'Olivia Kim', 'Washington D.C.', 'District of Columbia', '20001', 21, null, null),
    (42, 'Single Family Home', 'Noah Chen', 'Orlando', 'Florida', '32801', 22, null, null),
    (43, 'Townhouse', 'Isabella Nguyen', 'Seattle', 'Washington', '98101', 23, null, null),
	(44, 'Apartment', 'John Doe', 'Los Angeles', 'California', '90001', 23,null, null),
    (45, 'Single Family Home', 'Jane Smith', 'San Francisco', 'California', '94016', 24, null, null),
    (46, 'Townhouse', 'Bob Johnson', 'Chicago', 'Illinois', '60601', 24, null, null),
    (47, 'Condo', 'Karen Davis', 'New York', 'New York', '10001', 25, null, null),
    (48, 'Duplex', 'Mike Lee', 'Dallas', 'Texas', '75201', 25, null, null),
    (49, 'Apartment', 'Sarah Brown', 'Houston', 'Texas', '77001', 26, null, null),
    (50, 'Single Family Home', 'Chris Green', 'Denver', 'Colorado', '80201', 26, null, null),
    (51, 'Townhouse', 'Lisa Kim', 'Seattle', 'Washington', '98101', 27, null, null),
    (52, 'Condo', 'Mark Chen', 'Atlanta', 'Georgia', '30301', 27, null, null),
    (53, 'Duplex', 'Anna Nguyen', 'Phoenix', 'Arizona', '85001', 28, null, null),
    (54, 'Apartment', 'Tom Wilson', 'Las Vegas', 'Nevada', '89101', 28, null, null),
    (55, 'Single Family Home', 'Samuel Lee', 'Portland', 'Oregon', '97201', 29, null, null),
    (56, 'Townhouse', 'Erica Garcia', 'Miami', 'Florida', '33101', 29, null, null),
    (57, 'Condo', 'Juan Hernandez', 'San Diego', 'California', '92101', 30, null, null),
    (58, 'Duplex', 'Maria Rodriguez', 'Austin', 'Texas', '78701', 30, null, null),
    (59, 'Apartment', 'Jason Davis', 'Boston', 'Massachusetts', '02101', null, 1, null),
    (60, 'Single Family Home', 'Emma Wilson', 'San Jose', 'California', '95101', null, 1, null),
    (61, 'Townhouse', 'Aiden Brown', 'Nashville', 'Tennessee', '37201', null, 2, null),
    (62, 'Condo', 'Ava Smith', 'Philadelphia', 'Pennsylvania', '19101', null, 2, null),
    (63, 'Duplex', 'Liam Johnson', 'Charlotte', 'North Carolina', '28201', null, 3, null),
    (64, 'Apartment', 'Olivia Kim', 'Washington D.C.', 'District of Columbia', '20001', null, 3, null),
    (65, 'Single Family Home', 'Noah Chen', 'Orlando', 'Florida', '32801', null, 4, null),
    (66, 'Townhouse', 'Isabella Nguyen', 'Seattle', 'Washington', '98101', null, 4, null),
    (67, 'Condo', 'Karen Davis', 'New York', 'New York', '10001', null, 5, null),
    (68, 'Duplex', 'Mike Lee', 'Dallas', 'Texas', '75201', null, 5, null),
	(69, 'Apartment', 'John Doe', 'Los Angeles', 'California', '90001', null, 5, null),
    (70, 'Single Family Home', 'Jane Smith', 'San Francisco', 'California', '94016', null, 6, null),
    (71, 'Townhouse', 'Bob Johnson', 'Chicago', 'Illinois', '60601', null, 6, null),
    (72, 'Condo', 'Karen Davis', 'New York', 'New York', '10001', null, 7, null),
    (73, 'Duplex', 'Mike Lee', 'Dallas', 'Texas', '75201', null, 7, null),
    (74, 'Apartment', 'Sarah Brown', 'Houston', 'Texas', '77001', null, 8, null),
    (75, 'Single Family Home', 'Chris Green', 'Denver', 'Colorado', '80201', null, 8, null),
    (76, 'Townhouse', 'Lisa Kim', 'Seattle', 'Washington', '98101', null, 9, null),
    (77, 'Condo', 'Mark Chen', 'Atlanta', 'Georgia', '30301', null, 9, null),
    (78, 'Duplex', 'Anna Nguyen', 'Phoenix', 'Arizona', '85001', null, 10, null),
    (79, 'Apartment', 'Tom Wilson', 'Las Vegas', 'Nevada', '89101', null, 10, null),
    (80, 'Single Family Home', 'Samuel Lee', 'Portland', 'Oregon', '97201', null, null, 1),
    (81, 'Townhouse', 'Erica Garcia', 'Miami', 'Florida', '33101', null, null, 1),
    (82, 'Condo', 'Juan Hernandez', 'San Diego', 'California', '92101', null, null, 2),
    (83, 'Duplex', 'Maria Rodriguez', 'Austin', 'Texas', '78701', null, null, 2),
    (84, 'Apartment', 'Jason Davis', 'Boston', 'Massachusetts', '02101', null, null, 2),
    (85, 'Single Family Home', 'Emma Wilson', 'San Jose', 'California', '95101', null, null, 3),
    (86, 'Townhouse', 'Aiden Brown', 'Nashville', 'Tennessee', '37201', null, null, 3),
    (87, 'Condo', 'Ava Smith', 'Philadelphia', 'Pennsylvania', '19101', null, null, 4),
    (88, 'Duplex', 'Liam Johnson', 'Charlotte', 'North Carolina', '28201', null, null, 4),
	(89, 'Condo', 'Ava Smith', 'Philadelphia', 'Pennsylvania', '19101', null, null, 5),
    (90, 'Duplex', 'Liam Johnson', 'Charlotte', 'North Carolina', '28201', null, null, 5),
    (91, 'Apartment', 'Olivia Kim', 'Washington D.C.', 'District of Columbia', '20001', null, null, 6),
    (92, 'Single Family Home', 'Noah Chen', 'Orlando', 'Florida', '32801', null, null, 6),
    (93, 'Townhouse', 'Isabella Nguyen', 'Seattle', 'Washington', '98101', null, null, 6),
    (94, 'Condo', 'Karen Davis', 'New York', 'New York', '10001', null, null, 7),
    (95, 'Duplex', 'Mike Lee', 'Dallas', 'Texas', '75201', null, null, 7),
    (96, 'Apartment', 'Sarah Brown', 'Houston', 'Texas', '77001', null, null, 8),
    (97, 'Single Family Home', 'Chris Green', 'Denver', 'Colorado', '80201', null, null, 8),
    (98, 'Townhouse', 'Lisa Kim', 'Seattle', 'Washington', '98101', null, null, 9),
    (99, 'Condo', 'Mark Chen', 'Atlanta', 'Georgia', '30301', null, null, 9),
    (100, 'Duplex', 'Anna Nguyen', 'Phoenix', 'Arizona', '85001', null, null, 10),
    (101, 'Apartment', 'Tom Wilson', 'Las Vegas', 'Nevada', '89101', null, null, 10),
    (102, 'Single Family Home', 'Samuel Lee', 'Portland', 'Oregon', '97201', null, null, 10);

GO
--********************************************************************************************************--

-- Insert rows in INDIVIDUALLY_MANAGED table
INSERT INTO INDIVIDUALLY_MANAGED 
VALUES
	(1,1,'6 months',1),
	(2,2,'1 year',3),
	(3,3,'1 year',4),
	(4,3,'1 year',7),
	(5,6,'1 year',10),
	(6,6,'1 year',11),
	(7,1,'1 year',14),
	(8,8,'1 year',15),
	(9,9,'1 year',17),
	(10,10,'6 months',20),
	(11,10,'6 months',22),
	(12,6,'2 years',26),
	(13,6,'2 years',27),
	(14,3,'2 years',30);

GO
--********************************************************************************************************--

-- Insert rows in MANAGEMENT_DRIVEN table
INSERT INTO MANAGEMENT_DRIVEN 
VALUES
	(1,1,2),
	(2,2,5),
	(3,2,6),
	(4,4,8),
	(5,4,9),
	(6,6,12),
	(7,7,13),
	(8,8,16),
	(9,9,18),
	(10,10,19),
	(11,4,21),
	(12,10,23),
	(13,9,24),
	(14,1,25),
	(15,7,28),
	(16,5,29);

GO
--********************************************************************************************************--

-- Insert rows in BROKERS table
INSERT INTO BROKERS VALUES
	(1,'Norri Whiteson','Boston','MA','02115',1),
	(2,'Nady Subhan','Boston','MA','02116',1),
	(3,'Leshia Balhatchet','Boston','MA','02117',1),
	(4,'Levin Trillo','Boston','MA','02118',2),
	(5,'Barclay Lefridge','Boston','MA','02118',2),
	(6,'Dav Garrick','Boston','MA','02118',3),
	(7,'Anabel Langthorne','Cambridge','MA','02119',3),
	(8,'Melody Percifull','Cambridge','MA','02127',4),
	(9,'Cyndie Wetherick','Cambridge','MA','02127',4),
	(10,'Brita Springate','Cambridge','MA','02137',5),
	(11,'Tiphani Tamblyn','Cambridge','MA','02147',6),
	(12,'Wallie Josilowski','Boston','MA','02517',8),
	(13,'Keelby Critch','Boston','MA','02167',8),
	(14,'Molli Levis','Boston','MA','02167',9),
	(15,'Chiquia Josselsohn','Boston','MA','02717',7),
	(16,'Russ Philpot','Boston','MA','02117',10),
	(17,'Magdalena Loveard','Boston','MA','02317',5),
	(18,'Jinny Milson','Salem','MA','02167',4),
	(19,'Dennet Kilday','Salem','MA','02127',3),
	(20,'Ardelle Pratty','Salem','MA','02117',2),
	(21,'Alaster Dimnage','Salem','MA','02517',4),
	(22,'Mack Treker','Boston','MA','02167',10),
	(23,'Steve Yu','Boston','MA','02187',9),
	(24,'Nicoline Wadelin','Boston','MA','02167',7),
	(25,'Armin Brittain','Boston','MA','02197',6);

GO
--********************************************************************************************************--

-- Insert rows in AST_BROKERS table
INSERT INTO AST_BROKERS 
VALUES
	(1001,'Anthiathia Whapple',1),
	(1002,'Brooke Revan',1),
	(1003,'Dasie Storres',14),
	(1004,'Susy Genthner',2),
	(1005,'Nev Tolmie',2),
	(1006,'Therese Gorrick',15),
	(1007,'Inigo Lythgoe',3),
	(1008,'Faye Dorrian',19),
	(1009,'Haslett Streeting',16),
	(1010,'Nissa Giovanni',17),
	(1011,'Salmon Greenalf',4),
	(1012,'Mannie McKeaney',4),
	(1013,'Erl Lalley',18),
	(1014,'Putnam Tiltman',4),
	(1015,'Ingeberg Coils',19),
	(1016,'Loria Gilmartin',4),
	(1017,'Millisent Wright',5),
	(1018,'Tabbatha Hulatt',6),
	(1019,'Doria Mc Mechan',7),
	(1020,'Christiano Rottger',8),
	(1021,'Gerry Veillard',9),
	(1022,'Liam Clements',10),
	(1023,'Gilbert Faich',11),
	(1024,'Herschel Whopples',12),
	(1025,'Cornie Easthope',13),
	(1026,'Abby Mathan',20),
	(1027,'Alana Snaden',21),
	(1028,'Tyler Hutley',22),
	(1029,'Garrek Hanssmann',23),
	(1030,'Perceval Bartomeu',24),
	(1031,'Georgena Boden',25);

GO
--********************************************************************************************************--

-- Insert rows in CUSTOMERS table	
INSERT INTO CUSTOMERS (Customer_ID, Name, City, State, Zip, Company_ID, Firm_ID, date_of_brith)
VALUES (1, 'Alice Brown', 'New York City', 'NY', '10001', 1, 1, '2000-04-11'),
	(2, 'Alison Bryan', 'New York City', 'NY', '10001', 1, 1, '2003-06-16'),
	(3, 'Bob Davis', 'Los Angeles', 'CA', '90001', 2, 2, '1996-07-11'),
	(4, 'Charlie Evans', 'Houston', 'TX', '77001', 3, 3, '1985-09-11'), 
	(5, 'Charles Evangel', 'Houston', 'TX', '77001', 4, 4, '1990-05-11'),
	(6, 'Chinmay C', 'Houston', 'TX', '77001', 4, 4 , '1971-05-01'),
	(7, 'David Lee', 'Houston', 'Texas', '77001', 5, 5, '1972-08-12'),
	(8, 'David Leeyman', 'Houston', 'Texas', '77001', 6, 6, '1974-02-04'),
	(9, 'Michael Brown', 'Philadelphia', 'Pennsylvania', '19019', 7, 7, '1975-06-15'),
	(10, 'Daniel Wilson', 'San Antonio', 'Texas', '78201', 8, 8, '1976-09-26'),
	(11, 'Emily Davis', 'Phoenix', 'Arizona', '85001', 6, 6, '1978-03-18' ),
	(12, 'Mark Thompson', 'Miami', 'Florida', '33101', 8, 8, '1980-11-09'),
	(13, 'Mark Thomas', 'Miami', 'Florida', '33101', 9, 8, '1981-02-20'),
	(14, 'Karen Lewis', 'Seattle', 'Washington', '98101', 9, 9, '1982-06-03'),
	(15, 'Karen Lewin', 'Seattle', 'Washington', '98101', 10, 10, '1983-09-14'), 
	(16, 'Aliz Bron', 'New York City', 'NY', '10001',2 , 1, '1984-12-25'),
	(17, 'Alison Bryan', 'New York City', 'NY', '10001', 2, 1, '1985-04-07'),
	(18, 'Bobby David', 'Los Angeles', 'CA', '90001', 2, 2, '1986-07-18'),
	(19, 'Charlies Evan', 'Houston', 'TX', '77001', 9, 3, '1987-10-29'),
	(20, 'Charles Evangel', 'Houston', 'TX', '77001', 10, 4, '1988-02-09'),
	(21, 'Chinmay Sh', 'Houston', 'TX', '77001',3, 4, '1989-05-22'),
	(22, 'David Leeman', 'Houston', 'Texas', '77001', 5, 5, '1990-08-02'),
	(23, 'David lekman', 'Houston', 'Texas', '77001', 7, 6, '1991-11-13'),
	(24, 'Michaelangelo Browning', 'Philadelphia', 'Pennsylvania', '19019', 4, 7, '1992-02-23'),
	(25, 'Daniella Willis', 'San Antonio', 'Texas', '78201', 10, 8, '1993-06-05'),
	(26, 'Emilia Dennis', 'Phoenix', 'Arizona', '85001', 4, 6, '1998-10-30'),
	(27, 'Markus Son', 'Miami', 'Florida', '33101', 10, 4, '1997-07-19'),
	(28, 'Markain Thomasin', 'Miami', 'Florida', '33101', 3, 2, '1995-12-27'),
	(29, 'Karim Leh', 'Seattle', 'Washington', '98101', 1, 2, '1989-05-22'),
	(30, 'Kal Kahd', 'Seattle', 'Washington', '98101', 1, 10, '1972-11-14'),
	(31, 'John Davis', 'Houston', 'Texas', '77001',2 , 3, '1975-09-18'),
	(32, 'Megan Wilson', 'San Diego', 'California', '92101', 4, 5, '1976-12-29'),
	(33, 'David Brown', 'Phoenix', 'Arizona', '85001', 2, 2, '1979-11-02'),
	(34, 'Julia Kim', 'Charlotte', 'North Carolina', '28201', 2, 2, '1980-02-13'),
	(35, 'Robert Garcia', 'Las Vegas', 'Nevada', '89101', 1, 3, '1999-05-23'),
	(36, 'Ava Green', 'New York City', 'NY', '10001', 1, 1, '1984-03-28'),
	(37, 'Adam Brown', 'New York City', 'NY', '10001', 1, 1, '1991-03-17'),
	(38, 'Benjamin Davis', 'Los Angeles', 'CA', '90001', 2, 2, '1996-08-13'),
	(39, 'Charlotte Edwards', 'Houston', 'TX', '77001', 3, 3, '1997-11-24'),
	(40, 'Cameron Evans', 'Houston', 'TX', '77001', 4, 4, '1998-03-06'),
	(41, 'Caroline Carter', 'Houston', 'TX', '77001', 4, 4, '1999-06-17'),
	(42, 'Daniel Lee', 'Houston', 'Texas', '77001', 5, 5, '1971-09-28'),
	(43, 'Daisy Lee', 'Houston', 'Texas', '77001', 6, 6, '1972-01-08'),
	(44, 'Matthew Brown', 'Philadelphia', 'Pennsylvania', '19019', 7, 7, '1974-07-31'),
	(45, 'Ethan Wilson', 'San Antonio', 'Texas', '78201', 8, 8, '1975-11-11'),
	(46, 'Ella Davis', 'Phoenix', 'Arizona', '85001', 6, 6, '1978-09-15'),
	(47, 'Noah Thompson', 'Miami', 'Florida', '33101', 8, 8, '1979-12-26'),
	(48, 'Noah Thomas', 'Miami', 'Florida', '33101', 3, 8, '1980-04-07'),
	(49, 'Olivia Lewis', 'Seattle', 'Washington', '98101', 9, 9, '1981-07-18'),
	(50, 'Oliver Lewin', 'Seattle', 'Washington', '98101', 10, 10, '1982-06-03'),
	(51, 'Amy Brown', 'New York City', 'NY', '10001', 4 , 1, '1984-12-25'),
	(52, 'Emma Brown', 'New York City', 'NY', '10001', 2, 1, '1986-07-18'),
	(53, 'Brandon Davis', 'Los Angeles', 'CA', '90001', 2, 2, '1972-04-16'),
	(54, 'Daniel Evans', 'Houston', 'TX', '77001', 9, 3, '1973-07-27'),
	(55, 'David Evangelista', 'Houston', 'TX', '77001', 10, 4, '1974-11-07'),
	(56, 'Christina Shaw', 'Houston', 'TX', '77001',3, 4, '1975-02-17'),
	(57, 'John Lee', 'Houston', 'Texas', '77001', 5, 5, '1976-05-29'),
	(58, 'Joshua Lekman', 'Houston', 'Texas', '77001', 7, 6, '1977-09-09'),
	(59, 'Jessica Brown', 'Philadelphia', 'Pennsylvania', '19019', 4, 7, '1978-12-20'),
	(60, 'Laura Willis', 'San Antonio', 'Texas', '78201', 10, 8, '1979-04-02'),
	(61, 'Mia Dennis', 'Phoenix', 'Arizona', '85001', 4, 6, '1982-01-22'),
	(62, 'Marcus Johnson', 'Miami', 'Florida', '33101', 10, 4, '1985-11-25'),
	(63, 'Luke Thompson', 'Miami', 'Florida', '33101', 3, 2, '1986-03-08'),
	(64, 'Nathan Lee', 'Seattle', 'Washington', '98101', 1, 2, '1987-06-19'),
	(65, 'Noah Khan', 'Seattle', 'Washington', '98101', 1, 10, '1988-09-30'),
	(66, 'Jacob Johnson', 'Houston', 'Texas', '77001',2 , 3, '1989-01-10'),
	(67, 'Olivia Wilson', 'San Diego', 'California', '92101', 4, 5, '1990-04-22'),
	(68, 'Michael Brown', 'Phoenix', 'Arizona', '85001', 10, 2, '1991-08-02'),
	(69, 'Emily Lee', 'Charlotte', 'North Carolina', '28201', 2, 2, '1986-07-18'),
	(70, 'Daniel Rodriguez', 'Las Vegas', 'Nevada', '89101', 1, 3, '1976-09-26');